Japanese_Input,Japanese,Type,Image,Audio,Vietnamese,Korean,Chinese_Simplified,Chinese_Traditional,English,Spanish_LA,Spanish_SP,Word_1,Word_2,Word_3,Word_4,Word_Example_1,Word_Example_2,Word_Example_3,Word_Example_4,Word_Example_1_Audio,Word_Example_2_Audio,Word_Example_3_Audio,Word_Example_4_Audio
‎（スネ夫(お)）ボーっとしてんのが<br>‎悪いんだろ,‎（スネ 夫[お]）ボーっとしてんのが<br>‎ 悪[わる]いんだろ,ボーっとしてんのが悪いんだろ,"<img src=""Doraemon_S01E813_Episode_30447.jpeg"">",[sound:Doraemon_S01E813_Episode_30297.mp3],"Lỗi là do cậu mơ màng đó, phải không?",,,,"It’s your fault for spacing out, isn’t it?",,,ボーっとする: 何[なに]も 考[かんが]えずにぼんやりすること。,~んだろ: 相手[あいて]に 確認[かくにん]したり、 強[つよ]い 断定[だんてい]を 表[あらわ]す 口語[こうご] 表現[ひょうげん]。,悪[わる]い: 道徳的[どうとくてき]・ 社会的[しゃかいてき]に 正[ただ]しくない、または 責任[せきにん]がある。,,授業中[じゅぎょうちゅう]にボーっとしていて 先生[せんせい]に 注意[ちゅうい]された。,明日[あした]も 雨[あめ]なんだろ？,約束[やくそく]を 破[やぶ]るのは 悪[わる]いことだ。,,[sound:hypertts-b7ab66e5b6c3ab2de64471e5a2397533f0bd5e5e94a16fe60e1a3247.mp3],[sound:hypertts-f27a274aadddd8cbc143ad459abf03b95ee434aa813caf7d54397e98.mp3],[sound:hypertts-ca5985647c9a431c2d2b98c055348b2a7fe8e2be0f531ba06f10d1ff.mp3],
‎（ジャイアン）<br>‎さっさとボール寄こせ のろま！,‎（ジャイアン）<br>‎さっさとボール 寄[よ]こせのろま！,さっさとボール寄こせのろま,"<img src=""Doraemon_S01E813_Episode_32406.jpeg"">",[sound:Doraemon_S01E813_Episode_32256.mp3],"Mau đưa bóng đây, đồ chậm chạp!",,,,"Hurry up and pass the ball, you slowpoke!",,,さっさと:ためらわず 急[いそ]いで 行動[こうどう]するさま。,寄[よ]こす: 自分[じぶん]のところへ 持[も]って 来[きた]させる。,のろま: 動作[どうさ]や 判断[はんだん]が 遅[おそ]い 人[ひと]への 軽[かる]い 悪口[わるぐち]。,,宿題[しゅくだい]をさっさと 終[お]わらせて 遊[あそ]びに 行[い]こう。,手紙[てがみ]を 寄[よ]こしてくれてありがとう。,彼[かれ]はのろまで、みんなに 笑[わら]われた。,,[sound:hypertts-dd486fb5bbfbd53751af2ac1feb86b17a0e1dfb37c79f766069f5171.mp3],[sound:hypertts-f678fc92777a2f9e7dad12611f60a16ae704e0bbe7dfe324ce476a94.mp3],[sound:hypertts-86f67c1bca963a73371faf054fa9a70e8341fb59daa81560cee34cb2.mp3],
‎今日という今日は許さん！,‎ 今日[きょう]という 今日[きょう]は 許[ゆる]さん！,今日という今日は許さん,"<img src=""Doraemon_S01E813_Episode_50967.jpeg"">",[sound:Doraemon_S01E813_Episode_50817.mp3],Hôm nay thì tao nhất định sẽ không tha thứ!,,,,"Today, I will not forgive you!",,,今日[きょう]という 今日[きょう]は: 強[つよ]い 決意[けつい]を 表[あらわ]す 慣用句[かんようく]。,許[ゆる]す: 過[あやま]ちを 受け入[うけい]れて 責[せ]めない。,,,今日[きょう]という 今日[きょう]は 絶対[ぜったい]に 許[ゆる]さない。,子供[こども]の 失敗[しっぱい]を 許[ゆる]す。,,,[sound:hypertts-121d59d73fadea4757f821adab02306d2ea0cfae20d96ca19c99ff95.mp3],[sound:hypertts-2aed74bba8c7be856bb3fc8e691db8e80e71480d130ed6e7f3d0cf08.mp3],,
‎それなら犯人を<br>‎ここへ連れてこい！,‎それなら 犯人[はんにん]を<br>‎ここへ 連[つ]れてこい！,それなら犯人をここへ連れてこい,"<img src=""Doraemon_S01E813_Episode_55972.jpeg"">",[sound:Doraemon_S01E813_Episode_55822.mp3],Vậy thì dẫn thủ phạm đến đây!,,,,Then bring the culprit here!,,,犯人[はんにん]: 事件[じけん]を 起[お]こした 人[ひと]。,~てこい: 命令形[めいれいけい]。「~して 来[こ]い」という 強[つよ]い 指示[しじ]。,,,犯人[はんにん]が 警察[けいさつ]に 捕[つか]まった。,医者[いしゃ]を 呼[よ]んでこい。,,,[sound:hypertts-1d7306b4a9546a47996a8ac91a6603693825d02e13f70aca05cdbbe2.mp3],[sound:hypertts-f359eebac0717b9136265aade0c1ca88c3a1163d5ff7593e6f749be6.mp3],,
‎のび太のくせに<br>‎信じられない素早さ！,‎のび 太[た]のくせに<br>‎ 信[しん]じられない 素早[すばや]さ！,のび太のくせに信じられない素早さ,"<img src=""Doraemon_S01E813_Episode_68234.jpeg"">",[sound:Doraemon_S01E813_Episode_68084.mp3],Tốc độ nhanh không thể tin nổi đối với thằng như Nobita.,,,,Unbelievable quickness for someone like Nobita.,,,~のくせに: 身分[みぶん]や 能力[のうりょく]にふさわしくない 行動[こうどう]を 非難[ひなん]する 表現[ひょうげん]。,素早[すばや]さ: 動作[どうさ]の 速[はや]さ。,信[しん]じられない: 驚[おどろ]きや 疑[うたが]いを 強[つよ]く 表[あらわ]す。,,子供[こども]のくせに 大人[おとな]みたいなことを 言[い]う。,彼[かれ]の 素早[すばや]さに 驚[おどろ]いた。,彼[かれ]の 行動[こうどう]は 信[しん]じられないほど 大胆[だいたん]だ。,,[sound:hypertts-b3ea53b17c03906d270dce3cd33e694d9abc3ef164b1e241483f211a.mp3],[sound:hypertts-6be0cd8e5cf72571bef791fc823f051c5be6c34ee0b897f25ff0db2e.mp3],[sound:hypertts-8b171e888fad64d47e3f9ba6dbc2a5dae906e2f44a1aa172a2537f52.mp3],
町じゅうに貼れ！,町[まち]じゅうに 貼[は]れ！,町じゅうに貼れ,"<img src=""Doraemon_S01E813_Episode_75075.jpeg"">",[sound:Doraemon_S01E813_Episode_74925.mp3],Dán khắp cả thị trấn đi!,,,,Post it all over town!,,,町[まち]じゅう: 町[まち]の 全体[ぜんたい]。,貼[は]る: 紙[し]や 物[もの]を 表面[ひょうめん]につける。,,,町[まち]じゅうが 祭[まつ]りでにぎわっている。,壁[かべ]にポスターを 貼[は]った。,,,[sound:hypertts-96475bd177202c130b3490e774ab62ddfb7be0c0af9fff05d9e0bfa9.mp3],[sound:hypertts-808900d7b6024161594d93da4e511b5a7389e7dff2d166b96023ece7.mp3],,
‎のび太はどこで<br>‎道草 食ってるのかしら,‎のび 太[た]はどこで<br>‎ 道草[みちくさ] 食[く]ってるのかしら,のび太はどこで道草食ってるのかしら,"<img src=""Doraemon_S01E813_Episode_96387.jpeg"">",[sound:Doraemon_S01E813_Episode_96237.mp3],Không biết Nobita đang la cà ở đâu nữa.,,,,Where on earth is Nobita loitering?,,,道草[みちくさ]を 食[く]う: 寄り道[よりみち]して 時間[じかん]を 無駄[むだ]にすること。,かしら: 女性的[じょせいてき]な 推量[すいりょう]・ 疑問[ぎもん]の 表現[ひょうげん]。,,,学校[がっこう]の 帰[かえ]りに 道草[みちくさ]を 食[く]って 遅[おそ]くなった。,明日[あした]は 晴[は]れるかしら。,,,[sound:hypertts-49a01f5e8f26dfee36f29211ccbc42e34b827fcce6a68929b4d531c9.mp3],[sound:hypertts-6c6ae73e53bd22d005bf6583dd73ffa0fe089034f0dee1c684d5f58a.mp3],,
‎ドラえもん!?　助けて！<br>‎今 裏山に隠れてるんだ,‎ ドラ[どら]えもん!?　 助[たす]けて！<br>‎ 今[こん] 裏山[うらやま]に 隠[かく]れてるんだ,ドラえもん助けて今裏山に隠れてるんだ,"<img src=""Doraemon_S01E813_Episode_129586.jpeg"">",[sound:Doraemon_S01E813_Episode_129436.mp3],"Doraemon, cứu tớ với! Hắn đang trốn ở sau núi!",,,,"Doraemon, help! He’s hiding in the back mountain now!",,,裏山[うらやま]: 家[か]や 町[まち]の 裏[うら]にある 小[ちい]さな 山[やま]。,隠[かく]れる: 見[み]つからないようにする。,,,子供[こども]たちは 裏山[うらやま]で 遊[あそ]んでいる。,猫[ねこ]がベッドの 下[した]に 隠[かく]れている。,,,[sound:hypertts-8475816e41f464d2e5a410a587686117b16a211b7974d5ca8729340a.mp3],[sound:hypertts-c518f2f26d423724f0e3f978f395d9771d9ec357b13fa4f5225b33ff.mp3],,
‎町じゅうのみんなに<br>‎追いかけられてて…,‎ 町[まち]じゅうのみんなに<br>‎ 追[お]いかけられてて…,町じゅうのみんなに追いかけられてて,"<img src=""Doraemon_S01E813_Episode_134509.jpeg"">",[sound:Doraemon_S01E813_Episode_134359.mp3],Tớ đang bị cả thị trấn đuổi theo!,,,,I’m being chased by everyone in town!,,,追[お]いかける: 後[うし]ろから 走[はし]って 追[お]う。,町[まち]じゅうのみんな: 町[まち] 全体[ぜんたい]の 人々[ひとびと]。,,,警察[けいさつ]が 犯人[はんにん]を 追[お]いかけた。,町[まち]じゅうのみんなが 集[あつ]まった。,,,[sound:hypertts-3b41bfdd2d684ec41550954ad8059659bb1e7645335b13468e084fa8.mp3],[sound:hypertts-33579f6e8bcf3745cde4c9daddd549d04a3ff57d035bb0572937166b.mp3],,
‎宿題 １週間連続で<br>‎忘れたんだって？,‎ 宿題[しゅくだい]１ 週間[しゅうかん] 連続[れんぞく]で<br>‎ 忘[わす]れたんだって？,宿題１週間連続で忘れたんだって,"<img src=""Doraemon_S01E813_Episode_142308.jpeg"">",[sound:Doraemon_S01E813_Episode_142158.mp3],Nghe nói cậu quên bài tập suốt một tuần liền.,,,,They say he forgot homework for a whole week straight.,,,~んだって: 聞[き]いたことを 伝[つた]える 口語[こうご] 表現[ひょうげん]。,連続[れんぞく]: 続[つづ]けて 途切[とぎ]れないこと。,,,明日[あした] 休[やす]みなんだって。,三 日[にち] 連続[れんぞく]で 雨[あめ]が 降[ふ]った。,,,[sound:hypertts-17f6863b6735039e912f3148b14dc59c193677204deb625b4afdbeda.mp3],[sound:hypertts-f63bf8b7f64a901d7c4361969649e3502185fd573c417db905670be2.mp3],,
‎あいにくどっちも修理中なんだ,‎あいにくどっちも 修理中[しゅうりちゅう]なんだ,あいにくどっちも修理中なんだ,"<img src=""Doraemon_S01E813_Episode_153736.jpeg"">",[sound:Doraemon_S01E813_Episode_153586.mp3],Tiếc là cả hai đều đang sửa.,,,,"Unfortunately, both are under repair.",,,あいにく: 残念[ざんねん]ながら 都合[つごう]が 悪[わる]いこと。,修理中[しゅうりちゅう]: 修理[しゅうり]している 最中[さいちゅう]。,,,あいにく 彼[かれ]は 留守[るす]だった。,エレベーターが 修理中[しゅうりちゅう]だ。,,,[sound:hypertts-389046c4573ab1f4e407bd815f55b03cdf099f298c49b2fa4fe9d183.mp3],[sound:hypertts-00c6adb7807e63dc5b5fef6b08120a3c3af62b1aeb9b5f77c3005ea6.mp3],,
‎（のび太）<br>‎え～っ！　いつも肝心な時に！,‎（のび 太[た]）<br>‎え~っ！　いつも 肝心[かんじん]な 時[とき]に！,えっいつも肝心な時に,"<img src=""Doraemon_S01E813_Episode_156114.jpeg"">",[sound:Doraemon_S01E813_Episode_155964.mp3],"Hả, lúc nào cũng đúng lúc quan trọng thì…!",,,,"Huh, always at the crucial moment!",,,肝心[かんじん]な 時[とき]: 特[とく]に 重要[じゅうよう]な 場面[ばめん]。,いつも: 常[つね]に。,,,肝心[かんじん]な 時[とき]に 限[かぎ]って 忘れ物[わすれもの]をする。,彼[かれ]はいつも 早起[はやお]きする。,,,[sound:hypertts-bd701f11fff4400c25f6eb20a420312b026dbc86b22d94430345f4d6.mp3],[sound:hypertts-9a79f8068653702e5121a1a6262bafb520fbe0ffbd23a57ce65e0536.mp3],,
‎これは障害物を避けて目的地まで<br>‎安全なルートを探る道具だよ,‎これは 障害物[しょうがいぶつ]を 避[さ]けて 目的地[もくてきち]まで<br>‎ 安全[あんぜん]なルートを 探[さぐ]る 道具[どうぐ]だよ,これは障害物を避けて目的地まで安全なルートを探る道具だよ,"<img src=""Doraemon_S01E813_Episode_168084.jpeg"">",[sound:Doraemon_S01E813_Episode_167934.mp3],Đây là công cụ tránh chướng ngại vật và tìm đường an toàn tới đích.,,,,This tool avoids obstacles and finds a safe route to the destination.,,,障害物[しょうがいぶつ]: 通行[つうこう]を 妨[さまた]げる 物[もの]。,目的地[もくてきち]: 行[い]こうとする 場所[ばしょ]。,~まで: 到達[とうたつ] 点[てん]を 示[しめ]す 助詞[じょし]。,,道[みち]に 障害物[しょうがいぶつ]が 置[お]いてある。,目的地[もくてきち]に 無事[ぶじ]に 着[つ]いた。,駅[えき]まで 歩[ある]く。,,[sound:hypertts-e73de135adc29ff7c4a2316bac04c2b733bc5fca53d9e0894f5e832e.mp3],[sound:hypertts-b0f458d1e3bd3628cc32e56969cec3fa610b2bf8d88d8e401a9ad21b.mp3],[sound:hypertts-c64e67013e8b78babde6c27748e9607480008ddd7dfc044a68e9d78d.mp3],
‎この白いチップが のび太君<br>‎黒いチップが のび太君の敵で…,‎この 白[しろ]いチップがのび 太[た] 君[くん]<br>‎ 黒[くろ]いチップがのび 太[た] 君[くん]の 敵[てき]で…,この白いチップがのび太君黒いチップがのび太君の敵で,"<img src=""Doraemon_S01E813_Episode_186853.jpeg"">",[sound:Doraemon_S01E813_Episode_186703.mp3],"Chip trắng này là Nobita, chip đen kia là kẻ địch.",,,,"This white chip is Nobita, the black one is the enemy.",,,チップ: 小[ちい]さな 平[ひら]たい 部品[ぶひん]やコマ。,敵[てき]: 戦[たたか]う 相手[あいて]。,,,ゲームでチップを 動[うご]かす。,敵[てき]に 勝[か]つ。,,,[sound:hypertts-4f2793f1dcd3acf7621b1518f5b47ebc7bb127d792c77bd683dc586a.mp3],[sound:hypertts-ef60a03c39ac5b2afa1cb66d59320e1c518ed78adaaf25f0b52bf3a8.mp3],,
‎これを突破するのは大変だぞ,‎これを 突破[とっぱ]するのは 大変[たいへん]だぞ,これを突破するのは大変だぞ,"<img src=""Doraemon_S01E813_Episode_197572.jpeg"">",[sound:Doraemon_S01E813_Episode_197422.mp3],Vượt qua cái này thật khó.,,,,It’s tough to break through this.,,,突破[とっぱ]する: 困難[こんなん]を 押[お]しのけて 進[すす]む。,大変[たいへん]だ: 苦労[くろう]が 多[おお]く 難[むずか]しい。,,,壁[かべ]を 突破[とっぱ]する。,宿題[しゅくだい]が 多[おお]くて 大変[たいへん]だ。,,,[sound:hypertts-1345a9eaa743fe02e0a95b87ab5c0a49c56683d394e2433b7e2e25b7.mp3],[sound:hypertts-e942d0ee7801c149cc159a75f4005bfd92b2202c1d49739935a2fcf8.mp3],,
‎僕の指示に従って慎重に進んで！,‎ 僕[ぼく]の 指示[しじ]に 従[したが]って 慎重[しんちょう]に 進[すす]んで！,僕の指示に従って慎重に進んで,"<img src=""Doraemon_S01E813_Episode_200491.jpeg"">",[sound:Doraemon_S01E813_Episode_200341.mp3],"Hãy tiến lên cẩn thận, theo chỉ dẫn của tớ.",,,,"Proceed carefully, following my instructions.",,,指示[しじ]に 従[したが]う: 命令[めいれい]や 指図[さしず]に 従[したが]う。,慎重[しんちょう]に: 注意深[ちゅういぶか]く。,,,先生[せんせい]の 指示[しじ]に 従[したが]って 行動[こうどう]する。,慎重[しんちょう]に 準備[じゅんび]する。,,,[sound:hypertts-fefa3bf48a2b89c01bb663fd5ed5e8ee52237ad6ca594a4cc9acef48.mp3],[sound:hypertts-9850f4300bed922bb7a7c8e454cec42c488c51fd297da87de87c7186.mp3],,
‎黒チップが近づいてきてる！<br>‎少し戻って左に曲がって！,‎ 黒[くろ]チップが 近[ちか]づいてきてる！<br>‎ 少[すこ]し 戻[もど]って 左[ひだり]に 曲[ま]がって！,黒チップが近づいてきてる少し戻って左に曲がって,"<img src=""Doraemon_S01E813_Episode_211169.jpeg"">",[sound:Doraemon_S01E813_Episode_211019.mp3],Chip đen đang tiến đến—lùi lại một chút rồi rẽ trái!,,,,"The black chip is approaching—go back a little, then turn left!",,,近[ちか]づく: 近[ちか]くなる。,曲[ま]がる: 方向[ほうこう]を 変[か]える。,少[すこ]し:わずかな 量[りょう]。,,車[くるま]が 家[いえ]に 近[ちか]づいてきた。,角[かく]を 左[ひだり]に 曲[ま]がる。,少[すこ]し 待[ま]ってください。,,[sound:hypertts-6b056252ddcf92fa1adf4ccb000cb70db2e80623f798f212685aeb0c.mp3],[sound:hypertts-693d87b66e0e1beb681d9d6a1a5ab0b5f410e7c14c702609b4ede7f7.mp3],[sound:hypertts-9a86540a813e08bbf0d455e600def6088a13db44ddc617352d8ef3ee.mp3],
‎うまくやり過ごしたよ！,‎うまくやり 過[す]ごしたよ！,うまくやり過ごしたよ,"<img src=""Doraemon_S01E813_Episode_226434.jpeg"">",[sound:Doraemon_S01E813_Episode_226284.mp3],Chúng ta đã vượt qua thành công.,,,,We got through it successfully.,,,うまく: 状況[じょうきょう]が 良[よ]い 方向[ほうこう]に 進[すす]むさま。,やり 過[す]ごす: 危険[きけん]や 困難[こんなん]を 避[さ]ける。,,,うまく 説明[せつめい]できた。,嵐[あらし]をやり 過[す]ごした。,,,[sound:hypertts-63752242205a27aaa157a71d85f721fca24f423f3ce0f0b3eb07c47c.mp3],[sound:hypertts-1fcc4ebb3ba9a144164c030352a1b273717194a15a68cf35bc910a6c.mp3],,
‎どっかに隠れて 早く！<br>‎急に隠れろと言われても…,‎どっかに 隠[かく]れて 早[はや]く！<br>‎ 急[きゅう]に 隠[かく]れろと 言[い]われても…,どっかに隠れて早く急に隠れろと言われても,"<img src=""Doraemon_S01E813_Episode_235777-b643b56827c2a203c613932f4c80dd7fce392a15.jpeg"">",[sound:Doraemon_S01E813_Episode_235627-9985ce31746dda2f728da67497cfe24705ce5865.mp3],"Dù cậu bảo đột ngột “Trốn nhanh đi, đâu đó đi!”…",,,,"Even if you say suddenly “Hide somewhere, quickly!”…",,,~と 言[い]われても: 指示[しじ]や 発言[はつげん]を 受[う]けても 納得[なっとく]できない 気持[きも]ちを 表[あらわ]す。,隠[かく]れる: 見[み]えないようにする。,急[きゅう]に: 突然[とつぜん]。,,急[きゅう]に 来[こ]いと 言[い]われても 困[こま]る。,子供[こども]が 押入[おしい]れに 隠[かく]れた。,急[きゅう]に 雨[あめ]が 降り出[ふりだ]した。,,[sound:hypertts-05f6a3ed6c3a71a97f31953a4e58de99bf2db06b174ecee39ea85650.mp3],[sound:hypertts-1ab00d08f003890cdab20d9f0561fe2f6c8d1b00cd3259948a3fceba.mp3],[sound:hypertts-9f230253a72f18075e96bbf444d9e990ccbd823e5429d6b0aab2e8cc.mp3],
（犬のほえ声）<br>‎しょうがないじゃないか～,（ 犬[いぬ]のほえ 声[ごえ]）<br>‎しょうがないじゃないか~,しょうがないじゃないか,"<img src=""Doraemon_S01E813_Episode_257130.jpeg"">",[sound:Doraemon_S01E813_Episode_256980.mp3],"Cũng đành chịu thôi, đúng không?",,,,"It can’t be helped, can it?",,,しょうがない:どうにもならない 時[とき]のあきらめ。,~じゃないか: 強[つよ]い 確認[かくにん]や 反論[はんろん]を 表[あらわ]す。,,,渋滞[じゅうたい]で 遅[おく]れるのはしょうがない。,それは 簡単[かんたん]じゃないか。,,,[sound:hypertts-2c1b8f53bda8eb3401f936f0237acdbd0c03efc0ca95d75b6162889b.mp3],[sound:hypertts-0ed4430086f9d51092135a6000ae7317f82cb6d70f5f46ca4e55c012.mp3],,
‎急にいろいろ崩れてきた,‎ 急[きゅう]に色々[いろいろ] 崩[くず]れてきた,急に色々崩れてきた,"<img src=""Doraemon_S01E813_Episode_285785.jpeg"">",[sound:Doraemon_S01E813_Episode_285635.mp3],Đột nhiên mọi thứ cứ đổ sụp xuống.,,,,"Suddenly, many things started collapsing.",,,崩[くず]れる: 形[がた]や 状態[じょうたい]が 壊[こわ]れる。,色々[いろいろ]: 様々[さまざま]なこと。,急[きゅう]に: 予想外[よそうがい]に 突然[とつぜん]。,,山[やま]が 崩[くず]れた。,色々[いろいろ] 考[かんが]えた。,急[きゅう]に 泣[な]き 出[だ]した。,,[sound:hypertts-09f0ccbe604680dbc7c528f3cc9016e081a2fed414b56ab72f14e7cb.mp3],[sound:hypertts-a949452dd350485e1e5b78eb74d139a33df0f896d1fe1b3880736e90.mp3],[sound:hypertts-3d0876b8224c12e991c457f4ad28dce519c77fe286a9abf67c39ee86.mp3],
‎これは荒っぽすぎるから<br>‎むやみに使えない,‎これは 荒[あら]っぽすぎるから<br>‎むやみに 使[つか]えない,これは荒っぽすぎるからむやみに使えない,"<img src=""Doraemon_S01E813_Episode_289205.jpeg"">",[sound:Doraemon_S01E813_Episode_289055.mp3],"Cái này quá thô bạo, nên không thể dùng bừa bãi.",,,,"This is too rough, so we can’t use it recklessly.",,,荒[あら]っぽい: 動作[どうさ]が 乱暴[らんぼう]で 激[はげ]しい。,むやみに: 考[かんが]えずに 行動[こうどう]するさま。,使[つか]えない: 使用[しよう]できない。,,荒[あら]っぽい 言葉[ことば]を 使[つか]う。,むやみに 薬[くすり]を 飲[の]まないで。,古[ふる]くてもう 使[つか]えない。,,[sound:hypertts-e566367a0db9a4a6459ae75db06c1afec6a772d1e15b5e906e988715.mp3],[sound:hypertts-e4228f320a2d926b03519bb580880e8558980bc6f6f5f42e76a95518.mp3],[sound:hypertts-452177b760617ca2e9b2e7ccc9073db13a2af33d3cd1d95efd6b151d.mp3],
‎フフッ<br>‎強力な助っとを連れてきたよ,‎フフッ<br>‎ 強力[きょうりょく]な 助[すけ]っとを 連[つ]れてきたよ,フフッ強力な助っとを連れてきたよ,"<img src=""Doraemon_S01E813_Episode_302719.jpeg"">",[sound:Doraemon_S01E813_Episode_302569.mp3],"Hê hê, tớ đã mang viện trợ cực mạnh đến rồi đây!",,,,"Heh, I brought powerful backup!",,,強力[きょうりょく]: 力[りょく]が 非常[ひじょう]に 強[つよ]いこと。,助っ人[すけっと]: 困[こま]っている 時[とき]に 助[たす]けてくれる 人[ひと]。,連[つ]れてくる: 一緒[いっしょ]に 伴[ともな]って 来[く]る。,,強力[きょうりょく]なライバルが 現[あらわ]れた。,試合[しあい]に 助っ人[すけっと]を 呼[よ]んだ。,犬[いぬ]を 散歩[さんぽ]に 連[つ]れてくる。,,[sound:hypertts-eb542b9ea87b38b1a49fa48bb02e10c6efca7175bb16578b9c39bf17.mp3],[sound:hypertts-638085a7bd02c3d16c259aec46004f0d336d11ce6b2b8b605f640e5e.mp3],[sound:hypertts-73caaa2b06ff5c3ef4ef39a460b7b858dbd57b8429713a2039ae8bee.mp3],
‎そのまままっすぐ<br>‎うん 近くに黒チップもない<br>‎順調だ,‎そのまままっすぐ<br>‎うん 近[ちか]くに 黒[くろ]チップもない<br>‎ 順調[じゅんちょう]だ,そのまままっすぐうん近くに黒チップもない順調だ,"<img src=""Doraemon_S01E813_Episode_310476.jpeg"">",[sound:Doraemon_S01E813_Episode_310326.mp3],"Cứ đi thẳng—ừ, không có chip đen nào gần đây, mọi việc suôn sẻ.",,,,"Just keep going straight—yes, no black chips nearby, everything’s fine.",,,そのまま: 状態[じょうたい]を 変[か]えずに 続[つづ]けること。,順調[じゅんちょう]: 物事[ものごと]が 問題[もんだい]なく 進[すす]むこと。,まっすぐ: 曲[ま]がらずに 進[すす]むこと。,,ドアをそのままにしておいて。,計画[けいかく]は 順調[じゅんちょう]に 進[すす]んでいる。,道[みち]をまっすぐ 行[い]ってください。,,[sound:hypertts-b8c79dcabe0935131db66a3d28d44d71cc1228169f6515f48389c035.mp3],[sound:hypertts-c39651a1f5d052008c1b1b89d9d32ab7cd753b8a9b10960e51c4ea6f.mp3],[sound:hypertts-352b95ac87e258aa76e9696c4e96b5bb9c5772280d14793251e631a3.mp3],
‎これで のび太もおしまいだな,‎これでのび 太[た]もおしまいだな,これでのび太もおしまいだな,"<img src=""Doraemon_S01E813_Episode_328911.jpeg"">",[sound:Doraemon_S01E813_Episode_328761.mp3],Thế này thì Nobita tiêu đời rồi.,,,,"With this, Nobita’s finished.",,,おしまい: 終[お]わり、 終結[しゅうけつ]。,,,,これで 試合[しあい]はおしまいだ。,,,,[sound:hypertts-442b4c5dc894bcdc1549d49133d6988dfee776d571e5eae9b1bbae51.mp3],,,
‎目の前の隙間に入って！,‎ 目の前[めのまえ]の 隙間[すきま]に 入[はい]って！,目の前の隙間に入って,"<img src=""Doraemon_S01E813_Episode_360485.jpeg"">",[sound:Doraemon_S01E813_Episode_360335.mp3],Chui vào khe hở ngay trước mặt!,,,,Get into the gap right in front of you!,,,隙間[すきま]: 物[ぶつ]と 物[もの]の 間[ま]にできた 小[ちい]さな 空間[くうかん]。,目の前[めのまえ]: 自分[じぶん]のすぐ 前[まえ]。,入[はい]る: 中[ちゅう]に 入[はい]る。,,ドアの 隙間[すきま]から 光[ひかり]が 漏[も]れている。,目の前[めのまえ]に 美[うつく]しい 景色[けしき]が 広[ひろ]がっていた。,教室[きょうしつ]に 入[はい]る。,,[sound:hypertts-cc3aa728701589529f0522dfaaae95f2119cfbffbe316349dd46d04a.mp3],[sound:hypertts-6ebb981ae72d90058c9b6efbef15e2696df47cbf9d8bff5540e1c715.mp3],[sound:hypertts-dcd60dc975842023d55d5d3e83efc9b65e96471eb42201012953f8d6.mp3],
‎行き止まりだよ！,‎ 行[い]き 止[と]まりだよ！,行き止まりだよ,"<img src=""Doraemon_S01E813_Episode_383591.jpeg"">",[sound:Doraemon_S01E813_Episode_383441.mp3],Đường cụt rồi đó.,,,,It’s a dead end.,,,行き止[ゆきど]まり: 先[さき]に 進[すす]めない 場所[ばしょ]。,,,,この 道[みち]は 行き止[ゆきど]まりだ。,,,,[sound:hypertts-b8fb7b3df28a36ea3180d5882d6c1cb711e8b7ac7cfad7a2d83f1e3f.mp3],,,
‎（ドラえもん）‎倉庫に隠れるんだ！,‎（ ドラ[どら]えもん）‎ 倉庫[そうこ]に 隠[かく]れるんだ！,倉庫に隠れるんだ,"<img src=""Doraemon_S01E813_Episode_385134.jpeg"">",[sound:Doraemon_S01E813_Episode_384984.mp3],Trốn vào trong kho đi!,,,,Hide in the warehouse!,,,倉庫[そうこ]: 品物[しなもの]を 入[い]れておく 建物[たてもの]。,隠[かく]れる: 見[み]つからないようにする。,,,倉庫[そうこ]に 荷物[にもつ]を 置[お]いた。,子供[こども]が 押入[おしい]れに 隠[かく]れた。,,,[sound:hypertts-a93b395b9ba2f009627d2b48c469420ec546a1204ad6bceb4b22c9c9.mp3],[sound:hypertts-30a296d15a9eb9746183dcdd50df834f083a25b6437f7822bdaa8131.mp3],,
‎逃げられたって<br>‎どういうこと？,‎ 逃[に]げられたって<br>‎どういうこと？,逃げられたってどういうこと,"<img src=""Doraemon_S01E813_Episode_430972.jpeg"">",[sound:Doraemon_S01E813_Episode_430822.mp3],"Gì cơ, nó trốn thoát rồi á?!",,,,"What do you mean, he escaped?!",,,~られたってどういうこと: 驚[おどろ]きや 怒[いか]りを 込[こ]めた 問[と]いかけ。,逃[に]げる: 追[お]ってから 離[はな]れて 自由[じゆう]になる。,,,騙[だま]されたってどういうこと？,犯人[はんにん]が 警察[けいさつ]から 逃[に]げた。,,,[sound:hypertts-e3533cb41f8e10cdbcb7074fbe9046a969d6f41531efc1299657119c.mp3],[sound:hypertts-e6e8ddb8af924196df713bfad17c789e1f7b88f7c8d40f356a32d6bd.mp3],,
‎どいつもこいつも役に立たねえ,‎どいつもこいつも 役に立[やくにた]たねえ,どいつもこいつも役に立たねえ,"<img src=""Doraemon_S01E813_Episode_435726.jpeg"">",[sound:Doraemon_S01E813_Episode_435576.mp3],"Đồ vô dụng, tất cả bọn chúng mày!",,,,"Useless, every single one of you!",,,どいつもこいつも: 全員[ぜんいん]をまとめて 非難[ひなん]する 言い方[いいかた]。,役に立[やくにた]たない: 役割[やくわり]や 効果[こうか]がない。,,,どいつもこいつも 信用[しんよう]できない。,この 道具[どうぐ]は 役に立[やくにた]たない。,,,[sound:hypertts-181e9dbfaef33fe69a504dfdfdf248b881b51535593a61e4eb80df44.mp3],[sound:hypertts-049d821e56a4075c2110a20def4b42675ff77b7b89e5c6a757242511.mp3],,
‎よーし 懸賞アップだ！<br>‎マンガ10冊に<br>‎ゲーム10本もつける！,‎よーし 懸賞[けんしょう]アップだ！<br>‎マンガ 10 冊[さつ]に<br>‎ゲーム 10 本[ほん]もつける！,よーし懸賞アップだマンガ10冊にゲーム10本もつける,"<img src=""Doraemon_S01E813_Episode_460042.jpeg"">",[sound:Doraemon_S01E813_Episode_459892.mp3],Được lắm! Tăng thưởng—thêm 10 cuốn truyện tranh và 10 trò chơi!,,,,Alright! Prize increase—10 comics and 10 games included!,,,懸賞[けんしょう]: 賞品[しょうひん]をかけること。,アップ: 増[ふ]えること。,~もつける: 追加[ついか]して 与[あた]える。,,懸賞[けんしょう]に 応募[おうぼ]する。,値段[ねだん]がアップした。,ケーキにドリンクもつける。,,[sound:hypertts-98fe5d2cebccd77ccee5d82dc7cddc8411c6072b6c02bdb77e759fe5.mp3],[sound:hypertts-47e47bc286890996064ff052a64719be6e0f6c41e6f611d15b6e06f0.mp3],[sound:hypertts-7f3b312c65f2491f81dee550dc12878abb219b65b80bc9ec0b6651c7.mp3],
‎ついでに豪華なおやつも<br>‎食わせてやる,‎ついでに 豪華[ごうか]なおやつも<br>‎ 食[く]わせてやる,ついでに豪華なおやつも食わせてやる,"<img src=""Doraemon_S01E813_Episode_465173.jpeg"">",[sound:Doraemon_S01E813_Episode_465023.mp3],Tiện thể tao còn cho chúng mày ăn đồ ăn vặt sang trọng nữa!,,,,And I’ll even feed you luxury snacks as a bonus!,,,ついでに: 何[なに]かをするときに 一緒[いっしょ]に 他[た]のこともする。,豪華[ごうか]: 贅沢[ぜいたく]で 立派[りっぱ]なこと。,食[く]わせる: 食[た]べさせる（くだけた 言い方[いいかた]）。,,買い物[かいもの]のついでに 本[ほん]を 買[か]った。,豪華[ごうか]なホテルに 泊[と]まる。,犬[いぬ]にえさを 食[く]わせる。,,[sound:hypertts-5ea8f945885990a3d6c9ce3f32836d7871eed3e991982cbbaa8337e7.mp3],[sound:hypertts-6a4e65d60e917fd806e1748875b3482da4b71fab61e86d0729c85fc8.mp3],[sound:hypertts-542e7341259de3b7470e56d331772bfcf635b63acc2963a0772a208e.mp3],
‎こうなったらやむをえない！,‎こうなったらやむをえない！,こうなったらやむをえない,"<img src=""Doraemon_S01E813_Episode_525733.jpeg"">",[sound:Doraemon_S01E813_Episode_525583.mp3],Đã thế này rồi thì đành chịu thôi.,,,,"If it’s come to this, it can’t be helped.",,,こうなったら: 状況[じょうきょう]が 悪化[あっか]した 結果[けっか]としての 決意[けつい]。,やむをえない: 避[さ]けられない、 仕方[しかた]ない。,,,こうなったら 最後[さいご]まで 戦[たたか]う。,雨[あめ]で 中止[ちゅうし]はやむをえない。,,,[sound:hypertts-dfb9973dde9526178e9698289fddc3c679feb4c9000980adc74f23a0.mp3],[sound:hypertts-2c70a4f37af82f0da5c41b4bcac008394eb1d9d8911b2f05f6e30496.mp3],,
‎ん～っ どこにも逃げ道がない！,‎ん~っどこにも 逃げ道[にげみち]がない！,んっどこにも逃げ道がない,"<img src=""Doraemon_S01E813_Episode_550049.jpeg"">",[sound:Doraemon_S01E813_Episode_549899.mp3],"Hừm, chẳng còn đường thoát nào cả.",,,,"Hmph, there’s no escape anywhere.",,,~にも…ない:どこにも 存在[そんざい]しないことを 強調[きょうちょう]。,逃げ道[にげみち]: 逃[に]げるための 道[みち]。,,,行[い]くところにも 人[ひと]がいない。,逃げ道[にげみち]を 探[さが]す。,,,[sound:hypertts-1d552f4b59d48cc74af7217e908ccd7feaa79cbaa3d7f31155e88e45.mp3],[sound:hypertts-a8bab6f30530453b9ea41e21c374cceb4e9ffd1a9de995698e0831f9.mp3],,
‎建物に逃げたって<br>‎追い詰められるだけだぞ！,‎ 建物[たてもの]に 逃[に]げたって<br>‎ 追い詰[おいつ]められるだけだぞ！,建物に逃げたって追い詰められるだけだぞ,"<img src=""Doraemon_S01E813_Episode_556597.jpeg"">",[sound:Doraemon_S01E813_Episode_556447.mp3],Dù có chạy vào tòa nhà thì cũng chỉ bị dồn vào chân tường thôi.,,,,"Even if you flee into a building, you’ll only be cornered.",,,追い詰[おいつ]める: 逃げ場[にげば]をなくして 圧迫[あっぱく]する。,~だけだ:それ 以上[いじょう]の 結果[けっか]はないことを 表[あらわ]す。,,,犯人[はんにん]を 追い詰[おいつ]めた。,待[ま]つだけだ。,,,[sound:hypertts-aab8e373ad5dffe2fcceab613de92c191cb850bdad77ccf217e85218.mp3],[sound:hypertts-f87fcb02f0b9705283eb396c793effde5de8fe186f6c01ff91768d2a.mp3],,
‎今度こそおしまいだ…,‎ 今度[こんど]こそおしまいだ…,今度こそおしまいだ,"<img src=""Doraemon_S01E813_Episode_598848.jpeg"">",[sound:Doraemon_S01E813_Episode_598698.mp3],Lần này thì thật sự xong đời rồi.,,,,"This time, it really is the end.",,,今度[こんど]こそ: 強[つよ]い 確信[かくしん]を 表[あらわ]す。,おしまい: 終[お]わり。,,,今度[こんど]こそ 成功[せいこう]する。,戦[たたか]いはこれでおしまいだ。,,,[sound:hypertts-b7d0bff4411484a287fd819d6c35281e5993d12f1503f7164382e148.mp3],[sound:hypertts-15c321d53a44074da747d7b02ba27d6c84f639add145d81b544db838.mp3],,
のび太君 そこから飛べ！<br>‎ええっ！　むちゃ言わないでよ,のび 太[た] 君[くん]そこから 飛[と]べ！<br>‎ええっ！　むちゃ 言[い]わないでよ,のび太君そこから飛べええっむちゃ言わないでよ,"<img src=""Doraemon_S01E813_Episode_609775.jpeg"">",[sound:Doraemon_S01E813_Episode_609625.mp3],"Nobita, nhảy từ đó xuống đi! — Hả?! Đừng nói liều thế chứ!",,,,"Nobita, jump from there! — Eh?! Don’t say something so reckless!",,,むちゃ: 道理[どうり]に 合[あ]わず 無理[むり]なこと。,言[い]わないで: 禁止[きんし]や 拒絶[きょぜつ]を 表[あらわ]す。,飛[と]ぶ: 空中[くうちゅう]に 跳[と]ぶ。,,むちゃな 要求[ようきゅう]をする。,冗談[じょうだん]を 言[い]わないで。,鳥[とり]が 空[そら]を 飛[と]ぶ。,,[sound:hypertts-331a00021bc6c68d074ab6f903d4a18148d5bd8dfcc5437d5d99166a.mp3],[sound:hypertts-23a659538481aa1c91a0d900f482d43b726642a7ce518d230cbf972f.mp3],[sound:hypertts-71266b1b40a336f503ccb6881cd460e8f123b91c55b208ccb7d60b61.mp3],
‎フゥ～ 満点の演技だ<br>‎助かったね,‎フゥ~ 満点[まんてん]の 演技[えんぎ]だ<br>‎ 助[たす]かったね,フゥ満点の演技だ助かったね,"<img src=""Doraemon_S01E813_Episode_639055.jpeg"">",[sound:Doraemon_S01E813_Episode_638905.mp3],"Phù, diễn xuất hoàn hảo—cậu cứu bọn tớ rồi!",,,,"Whew, perfect acting—you saved us!",,,満点[まんてん]: 完璧[かんぺき]な 得点[とくてん]や 評価[ひょうか]。,演技[えんぎ]: 芝居[しばい]や 演出[えんしゅつ]をすること。,助[たす]かる: 救[すく]われる。,,テストで 満点[まんてん]を 取[と]った。,舞台[ぶたい]で 演技[えんぎ]する。,薬[くすり]で 命[いのち]が 助[たす]かった。,,[sound:hypertts-60b47873cbdd408e205fecad9e929f4a669c3dc6d6820f3540e9002c.mp3],[sound:hypertts-dda4451e1fb2e33fccbe62dc777f3d66d60d6280a94c25a767097d04.mp3],[sound:hypertts-9df3fb8a40b3ab83c9bddadae47d078add818e8cbe2e7981c343b20b.mp3],
‎（ドラえもん）<br>‎えっ どうなってるの？,‎（ ドラ[どら]えもん）<br>‎えっどうなってるの？,えっどうなってるの,"<img src=""Doraemon_S01E813_Episode_657698.jpeg"">",[sound:Doraemon_S01E813_Episode_657548.mp3],Hả? Có chuyện gì đang xảy ra vậy?,,,,Eh? What’s going on?,,,どうなってる: 状況[じょうきょう]が 理解[りかい]できないときの 表現[ひょうげん]。,,,,これはどうなってるんだ？,,,,[sound:hypertts-e70ba5ec06df35db3dd34475cc7b741ff33045b06715fcb3380b3497.mp3],,,
‎どう？<br>‎最高級ケージの居心地は？,‎どう？<br>‎ 最高級[さいこうきゅう]ケージの 居心地[いごこち]は？,どう最高級ケージの居心地は,"<img src=""Doraemon_S01E813_Episode_665164.jpeg"">",[sound:Doraemon_S01E813_Episode_665014.mp3],"Vậy thì, cảm giác trong xe trú hạng sang thế nào?",,,,"So, how’s the comfort of the top-class cage?",,,最高級[さいこうきゅう]:もっとも 高[たか]いランク。,居心地[いごこち]:いるときの 気[け] 分[ぶん]や 快適[かいてき]さ。,ケージ: 鳥[とり]や 動物[どうぶつ]を 入[い]れるおり。,,最高級[さいこうきゅう]の 料理[りょうり]を 味[あじ]わう。,居心地[いごこち]のいい 部屋[へや]。,ペット 用[よう]ケージを 買[か]った。,,[sound:hypertts-10a99d0b294e70b08b8c604e3b3d69d4ae41aa72435c195c96a60ed4.mp3],[sound:hypertts-6b5c5146599722e0521c3d833c8471e046367c08a6dbf1746bf81ae8.mp3],[sound:hypertts-dc80353ebd63b3d8311a53e9cf65b7e55adfaf16fc911988b3d90f7b.mp3],
‎のび太が捕まったら僕は破産だよ,‎のび 太[た]が 捕[つか]まったら 僕[ぼく]は 破産[はさん]だよ,のび太が捕まったら僕は破産だよ,"<img src=""Doraemon_S01E813_Episode_671170.jpeg"">",[sound:Doraemon_S01E813_Episode_671020.mp3],Nếu Nobita bị bắt thì tớ sẽ phá sản mất!,,,,"If Nobita gets caught, I’ll go bankrupt!",,,破産[はさん]: 財産[ざいさん]を 失[うしな]い 生活[せいかつ]できなくなること。,捕[つか]まる: 捕[とら]えられる。,,,事業[じぎょう]に 失敗[しっぱい]して 破産[はさん]した。,泥棒[どろぼう]が 警察[けいさつ]に 捕[つか]まった。,,,[sound:hypertts-aba6b7bb7aed78444d289e8f94ea1834c6fa13694bfb0ffca53681ff.mp3],[sound:hypertts-0d72e8b1f119bc908f44d2b4645bc53812b0f9eaa3f4d39357a8c9a0.mp3],,
‎よくも裏切ったな スネ夫！,‎よくも 裏切[うらぎ]ったなスネ 夫[おっと]！,よくも裏切ったなスネ夫,"<img src=""Doraemon_S01E813_Episode_700950.jpeg"">",[sound:Doraemon_S01E813_Episode_700800.mp3],"Sao mày dám phản bội tao hả, Suneo!",,,,"How dare you betray me, Suneo!",,,裏切[うらぎ]る: 信[しん]じていた 人[ひと]を 背[そむ]く。,よくも: 怒[いか]りをこめた 非難[ひなん]。,,,友達[ともだち]を 裏切[うらぎ]ってはいけない。,よくもそんなことを 言[い]えたな。,,,[sound:hypertts-df2667db4ae4dfcb74020912061d51f1b578f3203e00c481405de0dd.mp3],[sound:hypertts-83b1f5c8a2d74ae6ed671e2d0b3cfc8edc692d79befa2e6a295f15d5.mp3],,
‎やったー！　逃げ切ったぞ！,‎やったー！　 逃げ切[にげき]ったぞ！,やったー逃げ切ったぞ,"<img src=""Doraemon_S01E813_Episode_722680.jpeg"">",[sound:Doraemon_S01E813_Episode_722530.mp3],Yeah! Bọn mình đã trốn thoát rồi!,,,,Yay! We got away!,,,逃げ切[にげき]る: 追[お]われながら 最後[さいご]まで 逃[に]げ 通[とお]す。,やったー: 喜[よろこ]びや 成功[せいこう]の 叫[さけ]び。,,,犯人[はんにん]が 警察[けいさつ]から 逃げ切[にげき]った。,やったー、 試験[しけん]に 合格[ごうかく]した！,,,[sound:hypertts-0a16e37e294ed8bdcad6f90f4564998ce7981571ff676301328dbebd.mp3],[sound:hypertts-28635f06684a56e786614949775188161d7db991b4b4d8f024963a23.mp3],,
‎すぐ謝りに来れば<br>‎許してやったものを！,‎すぐ 謝[あやま]りに 来[く]れば<br>‎ 許[ゆる]してやったものを！,すぐ謝りに来れば許してやったものを,"<img src=""Doraemon_S01E813_Episode_739739.jpeg"">",[sound:Doraemon_S01E813_Episode_739589.mp3],Giá mà cậu đến xin lỗi ngay thì tôi đã tha thứ cho rồi.,,,,"If only you had come to apologize right away, I would’ve forgiven you.",,,すぐ: 時間[じかん]をおかずに。,謝[あやま]る: 自分[じぶん]の 非[ひ]を 認[みと]めて 詫[わ]びる。,~ば…のに: 実際[じっさい]とは 違[ちが]う 残念[ざんねん]な 仮定[かてい]を 表[あらわ]す。,許[ゆる]す: 過[あやま]ちを 受け入[うけい]れて 責[せ]めない。,すぐに 出発[しゅっぱつ]する。,遅[おく]れて 友達[ともだち]に 謝[あやま]った。,もっと 早[はや]く 言[い]えばよかったのに。,,[sound:hypertts-454f120493f4c51737a60ddcd8013997c217679b7a96541b1f3e44e5.mp3],[sound:hypertts-7a4b884c2bd24fd333081f01616a04d4bbf28ddf6dd394c89f7f8d6e.mp3],[sound:hypertts-2f296e372668aebbe685570f73fcc3dc3a70ca689e30a473cede34db.mp3],